abcd,nda,instrument
smri_thick_cort.desikan_bankssts.lh,ct_lh_bankssts,freesvol01
smri_thick_cort.desikan_caudalanteriorcingulate.lh,ct_lh_caudalanteriorcing,freesvol01
smri_thick_cort.desikan_caudalmiddlefrontal.lh,ct_lh_caudalmiddlefront,freesvol01
smri_thick_cort.desikan_cuneus.lh,ct_lh_cuneus,freesvol01
smri_thick_cort.desikan_entorhinal.lh,ct_lh_entorhinal,freesvol01
smri_thick_cort.desikan_fusiform.lh,ct_lh_fusiform,freesvol01
smri_thick_cort.desikan_inferiorparietal.lh,ct_lh_inferiorpariet,freesvol01
smri_thick_cort.desikan_inferiortemporal.lh,ct_lh_inferiortemp,freesvol01
smri_thick_cort.desikan_isthmuscingulate.lh,ct_lh_isthmuscing,freesvol01
smri_thick_cort.desikan_lateraloccipital.lh,ct_lh_ltr_occipital,freesvol01
smri_thick_cort.desikan_lateralorbitofrontal.lh,ct_lh_ltr_orbitofront,freesvol01
smri_thick_cort.desikan_lingual.lh,ct_lh_lingual,freesvol01
smri_thick_cort.desikan_medialorbitofrontal.lh,ct_lh_medialorbitofront,freesvol01
smri_thick_cort.desikan_middletemporal.lh,ct_lh_middletemp,freesvol01
smri_thick_cort.desikan_parahippocampal.lh,ct_lh_parahippocampal,freesvol01
smri_thick_cort.desikan_paracentral.lh,ct_lh_paracentral,freesvol01
smri_thick_cort.desikan_parsopercularis.lh,ct_lh_parsopercularis,freesvol01
smri_thick_cort.desikan_parsorbitalis.lh,ct_lh_parsorbitalis,freesvol01
smri_thick_cort.desikan_parstriangularis.lh,ct_lh_parstriangularis,freesvol01
smri_thick_cort.desikan_pericalcarine.lh,ct_lh_pericalcarine,freesvol01
smri_thick_cort.desikan_postcentral.lh,ct_lh_postcentral,freesvol01
smri_thick_cort.desikan_posteriorcingulate.lh,ct_lh_posteriorcing,freesvol01
smri_thick_cort.desikan_precentral.lh,ct_lh_precentral,freesvol01
smri_thick_cort.desikan_precuneus.lh,ct_lh_precuneus,freesvol01
smri_thick_cort.desikan_rostralanteriorcingulate.lh,ct_lh_rostralanteriorcing,freesvol01
smri_thick_cort.desikan_rostralmiddlefrontal.lh,ct_lh_rostralmiddlefront,freesvol01
smri_thick_cort.desikan_superiorfrontal.lh,ct_lh_superiorfront,freesvol01
smri_thick_cort.desikan_superiorparietal.lh,ct_lh_superiorpariet,freesvol01
smri_thick_cort.desikan_superiortemporal.lh,ct_lh_superiortemp,freesvol01
smri_thick_cort.desikan_supramarginal.lh,ct_lh_supramarginal,freesvol01
smri_thick_cort.desikan_frontalpole.lh,ct_lh_frontpole,freesvol01
smri_thick_cort.desikan_temporalpole.lh,ct_lh_temppole,freesvol01
smri_thick_cort.desikan_transversetemporal.lh,ct_lh_transversetemp,freesvol01
smri_thick_cort.desikan_bankssts.rh,ct_rh_bankssts,freesvol01
smri_thick_cort.desikan_caudalanteriorcingulate.rh,ct_rh_caudalanteriorcing,freesvol01
smri_thick_cort.desikan_caudalmiddlefrontal.rh,ct_rh_caudalmiddlefront,freesvol01
smri_thick_cort.desikan_cuneus.rh,ct_rh_cuneus,freesvol01
smri_thick_cort.desikan_entorhinal.rh,ct_rh_entorhinal,freesvol01
smri_thick_cort.desikan_fusiform.rh,ct_rh_fusiform,freesvol01
smri_thick_cort.desikan_inferiorparietal.rh,ct_rh_inferiorpariet,freesvol01
smri_thick_cort.desikan_inferiortemporal.rh,ct_rh_inferiortemp,freesvol01
smri_thick_cort.desikan_isthmuscingulate.rh,ct_rh_isthmuscing,freesvol01
smri_thick_cort.desikan_lateraloccipital.rh,ct_rh_ltr_occipital,freesvol01
smri_thick_cort.desikan_lateralorbitofrontal.rh,ct_rh_ltr_orbitofront,freesvol01
smri_thick_cort.desikan_lingual.rh,ct_rh_lingual,freesvol01
smri_thick_cort.desikan_medialorbitofrontal.rh,ct_rh_medialorbitofront,freesvol01
smri_thick_cort.desikan_middletemporal.rh,ct_rh_middletemp,freesvol01
smri_thick_cort.desikan_parahippocampal.rh,ct_rh_parahippocampal,freesvol01
smri_thick_cort.desikan_paracentral.rh,ct_rh_paracentral,freesvol01
smri_thick_cort.desikan_parsopercularis.rh,ct_rh_parsopercularis,freesvol01
smri_thick_cort.desikan_parsorbitalis.rh,ct_rh_parsorbitalis,freesvol01
smri_thick_cort.desikan_parstriangularis.rh,ct_rh_parstriangularis,freesvol01
smri_thick_cort.desikan_pericalcarine.rh,ct_rh_pericalcarine,freesvol01
smri_thick_cort.desikan_postcentral.rh,ct_rh_postcentral,freesvol01
smri_thick_cort.desikan_posteriorcingulate.rh,ct_rh_posteriorcing,freesvol01
smri_thick_cort.desikan_precentral.rh,ct_rh_precentral,freesvol01
smri_thick_cort.desikan_precuneus.rh,ct_rh_precuneus,freesvol01
smri_thick_cort.desikan_rostralanteriorcingulate.rh,ct_rh_rostralanteriorcing,freesvol01
smri_thick_cort.desikan_rostralmiddlefrontal.rh,ct_rh_rostralmiddlefront,freesvol01
smri_thick_cort.desikan_superiorfrontal.rh,ct_rh_superiorfront,freesvol01
smri_thick_cort.desikan_superiorparietal.rh,ct_rh_superiorpariet,freesvol01
smri_thick_cort.desikan_superiortemporal.rh,ct_rh_superiortemp,freesvol01
smri_thick_cort.desikan_supramarginal.rh,ct_rh_supramarginal,freesvol01
smri_thick_cort.desikan_frontalpole.rh,ct_rh_frontpole,freesvol01
smri_thick_cort.desikan_temporalpole.rh,ct_rh_temppole,freesvol01
smri_thick_cort.desikan_transversetemporal.rh,ct_rh_transversetemp,freesvol01
smri_thick_cort.fuzzy2_frontal.lh,ct_lh_f2_front,freesvol01
smri_thick_cort.fuzzy2_posterior.lh,ct_lh_f2_posterior,freesvol01
smri_thick_cort.fuzzy4_frontal.lh,ct_lh_f4_front,freesvol01
smri_thick_cort.fuzzy4_occipital.lh,ct_lh_f4_occipital,freesvol01
smri_thick_cort.fuzzy4_temporal.lh,ct_lh_f4_temp,freesvol01
smri_thick_cort.fuzzy4_parietal.lh,ct_lh_f4_pariet,freesvol01
smri_thick_cort.fuzzy12_central.lh,ct_lh_f12_central,freesvol01
smri_thick_cort.fuzzy12_occipital.lh,ct_lh_f12_occipital,freesvol01
smri_thick_cort.fuzzy12_posterolateraltemporal.lh,ct_lh_f12_postero_ltr_temp,freesvol01
smri_thick_cort.fuzzy12_superiorparietal.lh,ct_lh_f12_superiorpariet,freesvol01
smri_thick_cort.fuzzy12_orbitofrontal.lh,ct_lh_f12_orbitofront,freesvol01
smri_thick_cort.fuzzy12_superiortemporal.lh,ct_lh_f12_superiortemp,freesvol01
smri_thick_cort.fuzzy12_inferiorparietal.lh,ct_lh_f12_inferiorpariet,freesvol01
smri_thick_cort.fuzzy12_dorsomedialfrontal.lh,ct_lh_f12_dorsomedialfront,freesvol01
smri_thick_cort.fuzzy12_anteromedialtemporal.lh,ct_lh_f12_anteromedialtemp,freesvol01
smri_thick_cort.fuzzy12_precuneus.lh,ct_lh_f12_precuneus,freesvol01
smri_thick_cort.fuzzy12_dorsolateralprefrontal.lh,ct_lh_f12_dorso_ltr_prefront,freesvol01
smri_thick_cort.fuzzy12_parsopercularis.lh,ct_lh_f12_parsopercularis,freesvol01
smri_thick_cort.fuzzy2_frontal.rh,ct_rh_f2_front,freesvol01
smri_thick_cort.fuzzy2_posterior.rh,ct_rh_f2_posterior,freesvol01
smri_thick_cort.fuzzy4_frontal.rh,ct_rh_f4_front,freesvol01
smri_thick_cort.fuzzy4_occipital.rh,ct_rh_f4_occipital,freesvol01
smri_thick_cort.fuzzy4_temporal.rh,ct_rh_f4_temp,freesvol01
smri_thick_cort.fuzzy4_parietal.rh,ct_rh_f4_pariet,freesvol01
smri_thick_cort.fuzzy12_central.rh,ct_rh_f12_central,freesvol01
smri_thick_cort.fuzzy12_occipital.rh,ct_rh_f12_occipital,freesvol01
smri_thick_cort.fuzzy12_posterolateraltemporal.rh,ct_rh_f12_postero_ltr_temp,freesvol01
smri_thick_cort.fuzzy12_superiorparietal.rh,ct_rh_f12_superiorpariet,freesvol01
smri_thick_cort.fuzzy12_orbitofrontal.rh,ct_rh_f12_orbitofront,freesvol01
smri_thick_cort.fuzzy12_superiortemporal.rh,ct_rh_f12_superiortemp,freesvol01
smri_thick_cort.fuzzy12_inferiorparietal.rh,ct_rh_f12_inferiorpariet,freesvol01
smri_thick_cort.fuzzy12_dorsomedialfrontal.rh,ct_rh_f12_dorsomedialfront,freesvol01
smri_thick_cort.fuzzy12_anteromedialtemporal.rh,ct_rh_f12_anteromedialtemp,freesvol01
smri_thick_cort.fuzzy12_precuneus.rh,ct_rh_f12_precuneus,freesvol01
smri_thick_cort.fuzzy12_dorsolateralprefrontal.rh,ct_rh_f12_dorso_ltr_prefront,freesvol01
smri_thick_cort.fuzzy12_parsopercularis.rh,ct_rh_f12_parsopercularis,freesvol01
smri_thick_cort.desikan_mean.lh,ct_lh_mean,freesvol01
smri_thick_cort.desikan_mean.rh,ct_rh_mean,freesvol01
smri_thick_cort.desikan_mean,ct_mean,freesvol01
smri_area_cort.desikan_bankssts.lh,ca_lh_bankssts,freesvol01
smri_area_cort.desikan_caudalanteriorcingulate.lh,ca_lh_caudalanteriorcing,freesvol01
smri_area_cort.desikan_caudalmiddlefrontal.lh,ca_lh_caudalmiddlefront,freesvol01
smri_area_cort.desikan_cuneus.lh,ca_lh_cuneus,freesvol01
smri_area_cort.desikan_entorhinal.lh,ca_lh_entorhinal,freesvol01
smri_area_cort.desikan_fusiform.lh,ca_lh_fusiform,freesvol01
smri_area_cort.desikan_inferiorparietal.lh,ca_lh_inferiorpariet,freesvol01
smri_area_cort.desikan_inferiortemporal.lh,ca_lh_inferiortemp,freesvol01
smri_area_cort.desikan_isthmuscingulate.lh,ca_lh_isthmuscing,freesvol01
smri_area_cort.desikan_lateraloccipital.lh,ca_lh_ltr_occipital,freesvol01
smri_area_cort.desikan_lateralorbitofrontal.lh,ca_lh_ltr_orbitofront,freesvol01
smri_area_cort.desikan_lingual.lh,ca_lh_lingual,freesvol01
smri_area_cort.desikan_medialorbitofrontal.lh,ca_lh_medialorbitofront,freesvol01
smri_area_cort.desikan_middletemporal.lh,ca_lh_middletemp,freesvol01
smri_area_cort.desikan_parahippocampal.lh,ca_lh_parahippocampal,freesvol01
smri_area_cort.desikan_paracentral.lh,ca_lh_paracentral,freesvol01
smri_area_cort.desikan_parsopercularis.lh,ca_lh_parsopercularis,freesvol01
smri_area_cort.desikan_parsorbitalis.lh,ca_lh_parsorbitalis,freesvol01
smri_area_cort.desikan_parstriangularis.lh,ca_lh_parstriangularis,freesvol01
smri_area_cort.desikan_pericalcarine.lh,ca_lh_pericalcarine,freesvol01
smri_area_cort.desikan_postcentral.lh,ca_lh_postcentral,freesvol01
smri_area_cort.desikan_posteriorcingulate.lh,ca_lh_posteriorcing,freesvol01
smri_area_cort.desikan_precentral.lh,ca_lh_precentral,freesvol01
smri_area_cort.desikan_precuneus.lh,ca_lh_precuneus,freesvol01
smri_area_cort.desikan_rostralanteriorcingulate.lh,ca_lh_rostralanteriorcing,freesvol01
smri_area_cort.desikan_rostralmiddlefrontal.lh,ca_lh_rostralmiddlefront,freesvol01
smri_area_cort.desikan_superiorfrontal.lh,ca_lh_superiorfront,freesvol01
smri_area_cort.desikan_superiorparietal.lh,ca_lh_superiorpariet,freesvol01
smri_area_cort.desikan_superiortemporal.lh,ca_lh_superiortemp,freesvol01
smri_area_cort.desikan_supramarginal.lh,ca_lh_supramarginal,freesvol01
smri_area_cort.desikan_frontalpole.lh,ca_lh_frontpole,freesvol01
smri_area_cort.desikan_temporalpole.lh,ca_lh_temppole,freesvol01
smri_area_cort.desikan_transversetemporal.lh,ca_lh_transversetemp,freesvol01
smri_area_cort.desikan_bankssts.rh,ca_rh_bankssts,freesvol01
smri_area_cort.desikan_caudalanteriorcingulate.rh,ca_rh_caudalanteriorcing,freesvol01
smri_area_cort.desikan_caudalmiddlefrontal.rh,ca_rh_caudalmiddlefront,freesvol01
smri_area_cort.desikan_cuneus.rh,ca_rh_cuneus,freesvol01
smri_area_cort.desikan_entorhinal.rh,ca_rh_entorhinal,freesvol01
smri_area_cort.desikan_fusiform.rh,ca_rh_fusiform,freesvol01
smri_area_cort.desikan_inferiorparietal.rh,ca_rh_inferiorpariet,freesvol01
smri_area_cort.desikan_inferiortemporal.rh,ca_rh_inferiortemp,freesvol01
smri_area_cort.desikan_isthmuscingulate.rh,ca_rh_isthmuscing,freesvol01
smri_area_cort.desikan_lateraloccipital.rh,ca_rh_ltr_occipital,freesvol01
smri_area_cort.desikan_lateralorbitofrontal.rh,ca_rh_ltr_orbitofront,freesvol01
smri_area_cort.desikan_lingual.rh,ca_rh_lingual,freesvol01
smri_area_cort.desikan_medialorbitofrontal.rh,ca_rh_medialorbitofront,freesvol01
smri_area_cort.desikan_middletemporal.rh,ca_rh_middletemp,freesvol01
smri_area_cort.desikan_parahippocampal.rh,ca_rh_parahippocampal,freesvol01
smri_area_cort.desikan_paracentral.rh,ca_rh_paracentral,freesvol01
smri_area_cort.desikan_parsopercularis.rh,ca_rh_parsopercularis,freesvol01
smri_area_cort.desikan_parsorbitalis.rh,ca_rh_parsorbitalis,freesvol01
smri_area_cort.desikan_parstriangularis.rh,ca_rh_parstriangularis,freesvol01
smri_area_cort.desikan_pericalcarine.rh,ca_rh_pericalcarine,freesvol01
smri_area_cort.desikan_postcentral.rh,ca_rh_postcentral,freesvol01
smri_area_cort.desikan_posteriorcingulate.rh,ca_rh_posteriorcing,freesvol01
smri_area_cort.desikan_precentral.rh,ca_rh_precentral,freesvol01
smri_area_cort.desikan_precuneus.rh,ca_rh_precuneus,freesvol01
smri_area_cort.desikan_rostralanteriorcingulate.rh,ca_rh_rostralanteriorcing,freesvol01
smri_area_cort.desikan_rostralmiddlefrontal.rh,ca_rh_rostralmiddlefront,freesvol01
smri_area_cort.desikan_superiorfrontal.rh,ca_rh_superiorfront,freesvol01
smri_area_cort.desikan_superiorparietal.rh,ca_rh_superiorpariet,freesvol01
smri_area_cort.desikan_superiortemporal.rh,ca_rh_superiortemp,freesvol01
smri_area_cort.desikan_supramarginal.rh,ca_rh_supramarginal,freesvol01
smri_area_cort.desikan_frontalpole.rh,ca_rh_frontpole,freesvol01
smri_area_cort.desikan_temporalpole.rh,ca_rh_temppole,freesvol01
smri_area_cort.desikan_transversetemporal.rh,ca_rh_transversetemp,freesvol01
smri_area_cort.fuzzy2_frontal.lh,ca_lh_f2_front,freesvol01
smri_area_cort.fuzzy2_posterior.lh,ca_lh_f2_posterior,freesvol01
smri_area_cort.fuzzy4_frontal.lh,ca_lh_f4_front,freesvol01
smri_area_cort.fuzzy4_occipital.lh,ca_lh_f4_occipital,freesvol01
smri_area_cort.fuzzy4_temporal.lh,ca_lh_f4_temp,freesvol01
smri_area_cort.fuzzy4_parietal.lh,ca_lh_f4_pariet,freesvol01
smri_area_cort.fuzzy12_central.lh,ca_lh_f12_central,freesvol01
smri_area_cort.fuzzy12_occipital.lh,ca_lh_f12_occipital,freesvol01
smri_area_cort.fuzzy12_posterolateraltemporal.lh,ca_lh_f12_postero_ltr_temp,freesvol01
smri_area_cort.fuzzy12_superiorparietal.lh,ca_lh_f12_superiorpariet,freesvol01
smri_area_cort.fuzzy12_orbitofrontal.lh,ca_lh_f12_orbitofront,freesvol01
smri_area_cort.fuzzy12_superiortemporal.lh,ca_lh_f12_superiortemp,freesvol01
smri_area_cort.fuzzy12_inferiorparietal.lh,ca_lh_f12_inferiorpariet,freesvol01
smri_area_cort.fuzzy12_dorsomedialfrontal.lh,ca_lh_f12_dorsomedialfront,freesvol01
smri_area_cort.fuzzy12_anteromedialtemporal.lh,ca_lh_f12_anteromedialtemp,freesvol01
smri_area_cort.fuzzy12_precuneus.lh,ca_lh_f12_precuneus,freesvol01
smri_area_cort.fuzzy12_dorsolateralprefrontal.lh,ca_lh_f12_dorso_ltr_prefront,freesvol01
smri_area_cort.fuzzy12_parsopercularis.lh,ca_lh_f12_parsopercularis,freesvol01
smri_area_cort.fuzzy2_frontal.rh,ca_rh_f2_front,freesvol01
smri_area_cort.fuzzy2_posterior.rh,ca_rh_f2_posterior,freesvol01
smri_area_cort.fuzzy4_frontal.rh,ca_rh_f4_front,freesvol01
smri_area_cort.fuzzy4_occipital.rh,ca_rh_f4_occipital,freesvol01
smri_area_cort.fuzzy4_temporal.rh,ca_rh_f4_temp,freesvol01
smri_area_cort.fuzzy4_parietal.rh,ca_rh_f4_pariet,freesvol01
smri_area_cort.fuzzy12_central.rh,ca_rh_f12_central,freesvol01
smri_area_cort.fuzzy12_occipital.rh,ca_rh_f12_occipital,freesvol01
smri_area_cort.fuzzy12_posterolateraltemporal.rh,ca_rh_f12_postero_ltr_temp,freesvol01
smri_area_cort.fuzzy12_superiorparietal.rh,ca_rh_f12_superiorpariet,freesvol01
smri_area_cort.fuzzy12_orbitofrontal.rh,ca_rh_f12_orbitofront,freesvol01
smri_area_cort.fuzzy12_superiortemporal.rh,ca_rh_f12_superiortemp,freesvol01
smri_area_cort.fuzzy12_inferiorparietal.rh,ca_rh_f12_inferiorpariet,freesvol01
smri_area_cort.fuzzy12_dorsomedialfrontal.rh,ca_rh_f12_dorsomedialfront,freesvol01
smri_area_cort.fuzzy12_anteromedialtemporal.rh,ca_rh_f12_anteromedialtemp,freesvol01
smri_area_cort.fuzzy12_precuneus.rh,ca_rh_f12_precuneus,freesvol01
smri_area_cort.fuzzy12_dorsolateralprefrontal.rh,ca_rh_f12_dorso_ltr_prefront,freesvol01
smri_area_cort.fuzzy12_parsopercularis.rh,ca_rh_f12_parsopercularis,freesvol01
smri_area_cort.desikan_total.lh,ca_ctx_lh_total,freesvol01
smri_area_cort.desikan_total.rh,ca_ctx_rh_total,freesvol01
smri_area_cort.desikan_total,ca_ctx_total,freesvol01
smri_vol_cort.desikan_bankssts.lh,cv_lh_bankssts,freesvol01
smri_vol_cort.desikan_caudalanteriorcingulate.lh,cv_lh_caudalanteriorcing,freesvol01
smri_vol_cort.desikan_caudalmiddlefrontal.lh,cv_lh_caudalmiddlefront,freesvol01
smri_vol_cort.desikan_cuneus.lh,cv_lh_cuneus,freesvol01
smri_vol_cort.desikan_entorhinal.lh,cv_lh_entorhinal,freesvol01
smri_vol_cort.desikan_fusiform.lh,cv_lh_fusiform,freesvol01
smri_vol_cort.desikan_inferiorparietal.lh,cv_lh_inferiorpariet,freesvol01
smri_vol_cort.desikan_inferiortemporal.lh,cv_lh_inferiortemp,freesvol01
smri_vol_cort.desikan_isthmuscingulate.lh,cv_lh_isthmuscing,freesvol01
smri_vol_cort.desikan_lateraloccipital.lh,cv_lh_ltr_occipital,freesvol01
smri_vol_cort.desikan_lateralorbitofrontal.lh,cv_lh_ltr_orbitofront,freesvol01
smri_vol_cort.desikan_lingual.lh,cv_lh_lingual,freesvol01
smri_vol_cort.desikan_medialorbitofrontal.lh,cv_lh_medialorbitofront,freesvol01
smri_vol_cort.desikan_middletemporal.lh,cv_lh_middletemp,freesvol01
smri_vol_cort.desikan_parahippocampal.lh,cv_lh_parahippocampal,freesvol01
smri_vol_cort.desikan_paracentral.lh,cv_lh_paracentral,freesvol01
smri_vol_cort.desikan_parsopercularis.lh,cv_lh_parsopercularis,freesvol01
smri_vol_cort.desikan_parsorbitalis.lh,cv_lh_parsorbitalis,freesvol01
smri_vol_cort.desikan_parstriangularis.lh,cv_lh_parstriangularis,freesvol01
smri_vol_cort.desikan_pericalcarine.lh,cv_lh_pericalcarine,freesvol01
smri_vol_cort.desikan_postcentral.lh,cv_lh_postcentral,freesvol01
smri_vol_cort.desikan_posteriorcingulate.lh,cv_lh_posteriorcing,freesvol01
smri_vol_cort.desikan_precentral.lh,cv_lh_precentral,freesvol01
smri_vol_cort.desikan_precuneus.lh,cv_lh_precuneus,freesvol01
smri_vol_cort.desikan_rostralanteriorcingulate.lh,cv_lh_rostralanteriorcing,freesvol01
smri_vol_cort.desikan_rostralmiddlefrontal.lh,cv_lh_rostralmiddlefront,freesvol01
smri_vol_cort.desikan_superiorfrontal.lh,cv_lh_superiorfront,freesvol01
smri_vol_cort.desikan_superiorparietal.lh,cv_lh_superiorpariet,freesvol01
smri_vol_cort.desikan_superiortemporal.lh,cv_lh_superiortemp,freesvol01
smri_vol_cort.desikan_supramarginal.lh,cv_lh_supramarginal,freesvol01
smri_vol_cort.desikan_frontalpole.lh,cv_lh_frontpole,freesvol01
smri_vol_cort.desikan_temporalpole.lh,cv_lh_temppole,freesvol01
smri_vol_cort.desikan_transversetemporal.lh,cv_lh_transversetemp,freesvol01
smri_vol_cort.desikan_bankssts.rh,cv_rh_bankssts,freesvol01
smri_vol_cort.desikan_caudalanteriorcingulate.rh,cv_rh_caudalanteriorcing,freesvol01
smri_vol_cort.desikan_caudalmiddlefrontal.rh,cv_rh_caudalmiddlefront,freesvol01
smri_vol_cort.desikan_cuneus.rh,cv_rh_cuneus,freesvol01
smri_vol_cort.desikan_entorhinal.rh,cv_rh_entorhinal,freesvol01
smri_vol_cort.desikan_fusiform.rh,cv_rh_fusiform,freesvol01
smri_vol_cort.desikan_inferiorparietal.rh,cv_rh_inferiorpariet,freesvol01
smri_vol_cort.desikan_inferiortemporal.rh,cv_rh_inferiortemp,freesvol01
smri_vol_cort.desikan_isthmuscingulate.rh,cv_rh_isthmuscing,freesvol01
smri_vol_cort.desikan_lateraloccipital.rh,cv_rh_ltr_occipital,freesvol01
smri_vol_cort.desikan_lateralorbitofrontal.rh,cv_rh_ltr_orbitofront,freesvol01
smri_vol_cort.desikan_lingual.rh,cv_rh_lingual,freesvol01
smri_vol_cort.desikan_medialorbitofrontal.rh,cv_rh_medialorbitofront,freesvol01
smri_vol_cort.desikan_middletemporal.rh,cv_rh_middletemp,freesvol01
smri_vol_cort.desikan_parahippocampal.rh,cv_rh_parahippocampal,freesvol01
smri_vol_cort.desikan_paracentral.rh,cv_rh_paracentral,freesvol01
smri_vol_cort.desikan_parsopercularis.rh,cv_rh_parsopercularis,freesvol01
smri_vol_cort.desikan_parsorbitalis.rh,cv_rh_parsorbitalis,freesvol01
smri_vol_cort.desikan_parstriangularis.rh,cv_rh_parstriangularis,freesvol01
smri_vol_cort.desikan_pericalcarine.rh,cv_rh_pericalcarine,freesvol01
smri_vol_cort.desikan_postcentral.rh,cv_rh_postcentral,freesvol01
smri_vol_cort.desikan_posteriorcingulate.rh,cv_rh_posteriorcing,freesvol01
smri_vol_cort.desikan_precentral.rh,cv_rh_precentral,freesvol01
smri_vol_cort.desikan_precuneus.rh,cv_rh_precuneus,freesvol01
smri_vol_cort.desikan_rostralanteriorcingulate.rh,cv_rh_rostralanteriorcing,freesvol01
smri_vol_cort.desikan_rostralmiddlefrontal.rh,cv_rh_rostralmiddlefront,freesvol01
smri_vol_cort.desikan_superiorfrontal.rh,cv_rh_superiorfront,freesvol01
smri_vol_cort.desikan_superiorparietal.rh,cv_rh_superiorpariet,freesvol01
smri_vol_cort.desikan_superiortemporal.rh,cv_rh_superiortemp,freesvol01
smri_vol_cort.desikan_supramarginal.rh,cv_rh_supramarginal,freesvol01
smri_vol_cort.desikan_frontalpole.rh,cv_rh_frontpole,freesvol01
smri_vol_cort.desikan_temporalpole.rh,cv_rh_temppole,freesvol01
smri_vol_cort.desikan_transversetemporal.rh,cv_rh_transversetemp,freesvol01
smri_vol_cort.fuzzy2_frontal.lh,cv_lh_f2_front,freesvol01
smri_vol_cort.fuzzy2_posterior.lh,cv_lh_f2_posterior,freesvol01
smri_vol_cort.fuzzy4_frontal.lh,cv_lh_f4_front,freesvol01
smri_vol_cort.fuzzy4_occipital.lh,cv_lh_f4_occipital,freesvol01
smri_vol_cort.fuzzy4_temporal.lh,cv_lh_f4_temp,freesvol01
smri_vol_cort.fuzzy4_parietal.lh,cv_lh_f4_pariet,freesvol01
smri_vol_cort.fuzzy12_central.lh,cv_lh_f12_central,freesvol01
smri_vol_cort.fuzzy12_occipital.lh,cv_lh_f12_occipital,freesvol01
smri_vol_cort.fuzzy12_posterolateraltemporal.lh,cv_lh_f12_postero_ltr_temp,freesvol01
smri_vol_cort.fuzzy12_superiorparietal.lh,cv_lh_f12_superiorpariet,freesvol01
smri_vol_cort.fuzzy12_orbitofrontal.lh,cv_lh_f12_orbitofront,freesvol01
smri_vol_cort.fuzzy12_superiortemporal.lh,cv_lh_f12_superiortemp,freesvol01
smri_vol_cort.fuzzy12_inferiorparietal.lh,cv_lh_f12_inferiorpariet,freesvol01
smri_vol_cort.fuzzy12_dorsomedialfrontal.lh,cv_lh_f12_dorsomedialfront,freesvol01
smri_vol_cort.fuzzy12_anteromedialtemporal.lh,cv_lh_f12_anteromedialtemp,freesvol01
smri_vol_cort.fuzzy12_precuneus.lh,cv_lh_f12_precuneus,freesvol01
smri_vol_cort.fuzzy12_dorsolateralprefrontal.lh,cv_lh_f12_dorso_ltr_prefront,freesvol01
smri_vol_cort.fuzzy12_parsopercularis.lh,cv_lh_f12_parsopercularis,freesvol01
smri_vol_cort.fuzzy2_frontal.rh,cv_rh_f2_front,freesvol01
smri_vol_cort.fuzzy2_posterior.rh,cv_rh_f2_posterior,freesvol01
smri_vol_cort.fuzzy4_frontal.rh,cv_rh_f4_front,freesvol01
smri_vol_cort.fuzzy4_occipital.rh,cv_rh_f4_occipital,freesvol01
smri_vol_cort.fuzzy4_temporal.rh,cv_rh_f4_temp,freesvol01
smri_vol_cort.fuzzy4_parietal.rh,cv_rh_f4_pariet,freesvol01
smri_vol_cort.fuzzy12_central.rh,cv_rh_f12_central,freesvol01
smri_vol_cort.fuzzy12_occipital.rh,cv_rh_f12_occipital,freesvol01
smri_vol_cort.fuzzy12_posterolateraltemporal.rh,cv_rh_f12_postero_ltr_temp,freesvol01
smri_vol_cort.fuzzy12_superiorparietal.rh,cv_rh_f12_superiorpariet,freesvol01
smri_vol_cort.fuzzy12_orbitofrontal.rh,cv_rh_f12_orbitofront,freesvol01
smri_vol_cort.fuzzy12_superiortemporal.rh,cv_rh_f12_superiortemp,freesvol01
smri_vol_cort.fuzzy12_inferiorparietal.rh,cv_rh_f12_inferiorpariet,freesvol01
smri_vol_cort.fuzzy12_dorsomedialfrontal.rh,cv_rh_f12_dorsomedialfront,freesvol01
smri_vol_cort.fuzzy12_anteromedialtemporal.rh,cv_rh_f12_anteromedialtemp,freesvol01
smri_vol_cort.fuzzy12_precuneus.rh,cv_rh_f12_precuneus,freesvol01
smri_vol_cort.fuzzy12_dorsolateralprefrontal.rh,cv_rh_f12_dorso_ltr_prefront,freesvol01
smri_vol_cort.fuzzy12_parsopercularis.rh,cv_rh_f12_parsopercularis,freesvol01
smri_vol_cort.desikan_total.lh,cv_ctx_lh_total,freesvol01
smri_vol_cort.desikan_total.rh,cv_ctx_rh_total,freesvol01
smri_vol_cort.desikan_total,cv_ctx_total,freesvol01
smri_t1w.white02_cort.desikan_bankssts.lh,t1w_ctx_lh_bankssts,freesvol01
smri_t1w.white02_cort.desikan_caudalanteriorcingulate.lh,t1w_ctx_lh_cdl_anteriorcing,freesvol01
smri_t1w.white02_cort.desikan_caudalmiddlefrontal.lh,t1w_ctx_lh_cdl_middlefront,freesvol01
smri_t1w.white02_cort.desikan_cuneus.lh,t1w_ctx_lh_cuneus,freesvol01
smri_t1w.white02_cort.desikan_entorhinal.lh,t1w_ctx_lh_entorhinal,freesvol01
smri_t1w.white02_cort.desikan_fusiform.lh,t1w_ctx_lh_fusiform,freesvol01
smri_t1w.white02_cort.desikan_inferiorparietal.lh,t1w_ctx_lh_inferiorpariet,freesvol01
smri_t1w.white02_cort.desikan_inferiortemporal.lh,t1w_ctx_lh_inferiortemp,freesvol01
smri_t1w.white02_cort.desikan_isthmuscingulate.lh,t1w_ctx_lh_isthmuscing,freesvol01
smri_t1w.white02_cort.desikan_lateraloccipital.lh,t1w_ctx_lh_ltr_occipital,freesvol01
smri_t1w.white02_cort.desikan_lateralorbitofrontal.lh,t1w_ctx_lh_ltr_orbitofront,freesvol01
smri_t1w.white02_cort.desikan_lingual.lh,t1w_ctx_lh_lingual,freesvol01
smri_t1w.white02_cort.desikan_medialorbitofrontal.lh,t1w_ctx_lh_medialorbitofront,freesvol01
smri_t1w.white02_cort.desikan_middletemporal.lh,t1w_ctx_lh_middletemp,freesvol01
smri_t1w.white02_cort.desikan_parahippocampal.lh,t1w_ctx_lh_parahippocampal,freesvol01
smri_t1w.white02_cort.desikan_paracentral.lh,t1w_ctx_lh_paracentral,freesvol01
smri_t1w.white02_cort.desikan_parsopercularis.lh,t1w_ctx_lh_parsopercularis,freesvol01
smri_t1w.white02_cort.desikan_parsorbitalis.lh,t1w_ctx_lh_parsorbitalis,freesvol01
smri_t1w.white02_cort.desikan_parstriangularis.lh,t1w_ctx_lh_parstriangularis,freesvol01
smri_t1w.white02_cort.desikan_pericalcarine.lh,t1w_ctx_lh_pericalcarine,freesvol01
smri_t1w.white02_cort.desikan_postcentral.lh,t1w_ctx_lh_postcentral,freesvol01
smri_t1w.white02_cort.desikan_posteriorcingulate.lh,t1w_ctx_lh_posteriorcing,freesvol01
smri_t1w.white02_cort.desikan_precentral.lh,t1w_ctx_lh_precentral,freesvol01
smri_t1w.white02_cort.desikan_precuneus.lh,t1w_ctx_lh_precuneus,freesvol01
smri_t1w.white02_cort.desikan_rostralanteriorcingulate.lh,t1w_ctx_lh_rostral_atr_cing,freesvol01
smri_t1w.white02_cort.desikan_rostralmiddlefrontal.lh,t1w_ctx_lh_rostralmiddlefront,freesvol01
smri_t1w.white02_cort.desikan_superiorfrontal.lh,t1w_ctx_lh_superiorfront,freesvol01
smri_t1w.white02_cort.desikan_superiorparietal.lh,t1w_ctx_lh_superiorpariet,freesvol01
smri_t1w.white02_cort.desikan_superiortemporal.lh,t1w_ctx_lh_superiortemp,freesvol01
smri_t1w.white02_cort.desikan_supramarginal.lh,t1w_ctx_lh_supramarginal,freesvol01
smri_t1w.white02_cort.desikan_frontalpole.lh,t1w_ctx_lh_frontpole,freesvol01
smri_t1w.white02_cort.desikan_temporalpole.lh,t1w_ctx_lh_temppole,freesvol01
smri_t1w.white02_cort.desikan_transversetemporal.lh,t1w_ctx_lh_transversetemp,freesvol01
smri_t1w.white02_cort.desikan_bankssts.rh,t1w_ctx_rh_bankssts,freesvol01
smri_t1w.white02_cort.desikan_caudalanteriorcingulate.rh,t1w_ctx_rh_cdl_anteriorcing,freesvol01
smri_t1w.white02_cort.desikan_caudalmiddlefrontal.rh,t1w_ctx_rh_cdl_middlefront,freesvol01
smri_t1w.white02_cort.desikan_cuneus.rh,t1w_ctx_rh_cuneus,freesvol01
smri_t1w.white02_cort.desikan_entorhinal.rh,t1w_ctx_rh_entorhinal,freesvol01
smri_t1w.white02_cort.desikan_fusiform.rh,t1w_ctx_rh_fusiform,freesvol01
smri_t1w.white02_cort.desikan_inferiorparietal.rh,t1w_ctx_rh_inferiorpariet,freesvol01
smri_t1w.white02_cort.desikan_inferiortemporal.rh,t1w_ctx_rh_inferiortemp,freesvol01
smri_t1w.white02_cort.desikan_isthmuscingulate.rh,t1w_ctx_rh_isthmuscing,freesvol01
smri_t1w.white02_cort.desikan_lateraloccipital.rh,t1w_ctx_rh_ltr_occipital,freesvol01
smri_t1w.white02_cort.desikan_lateralorbitofrontal.rh,t1w_ctx_rh_ltr_orbitofront,freesvol01
smri_t1w.white02_cort.desikan_lingual.rh,t1w_ctx_rh_lingual,freesvol01
smri_t1w.white02_cort.desikan_medialorbitofrontal.rh,t1w_ctx_rh_medialorbitofront,freesvol01
smri_t1w.white02_cort.desikan_middletemporal.rh,t1w_ctx_rh_middletemp,freesvol01
smri_t1w.white02_cort.desikan_parahippocampal.rh,t1w_ctx_rh_parahippocampal,freesvol01
smri_t1w.white02_cort.desikan_paracentral.rh,t1w_ctx_rh_paracentral,freesvol01
smri_t1w.white02_cort.desikan_parsopercularis.rh,t1w_ctx_rh_parsopercularis,freesvol01
smri_t1w.white02_cort.desikan_parsorbitalis.rh,t1w_ctx_rh_parsorbitalis,freesvol01
smri_t1w.white02_cort.desikan_parstriangularis.rh,t1w_ctx_rh_parstriangularis,freesvol01
smri_t1w.white02_cort.desikan_pericalcarine.rh,t1w_ctx_rh_pericalcarine,freesvol01
smri_t1w.white02_cort.desikan_postcentral.rh,t1w_ctx_rh_postcentral,freesvol01
smri_t1w.white02_cort.desikan_posteriorcingulate.rh,t1w_ctx_rh_posteriorcing,freesvol01
smri_t1w.white02_cort.desikan_precentral.rh,t1w_ctx_rh_precentral,freesvol01
smri_t1w.white02_cort.desikan_precuneus.rh,t1w_ctx_rh_precuneus,freesvol01
smri_t1w.white02_cort.desikan_rostralanteriorcingulate.rh,t1w_ctx_rh_rostral_atr_cing,freesvol01
smri_t1w.white02_cort.desikan_rostralmiddlefrontal.rh,t1w_ctx_rh_rostralmiddlefront,freesvol01
smri_t1w.white02_cort.desikan_superiorfrontal.rh,t1w_ctx_rh_superiorfront,freesvol01
smri_t1w.white02_cort.desikan_superiorparietal.rh,t1w_ctx_rh_superiorpariet,freesvol01
smri_t1w.white02_cort.desikan_superiortemporal.rh,t1w_ctx_rh_superiortemp,freesvol01
smri_t1w.white02_cort.desikan_supramarginal.rh,t1w_ctx_rh_supramarginal,freesvol01
smri_t1w.white02_cort.desikan_frontalpole.rh,t1w_ctx_rh_frontpole,freesvol01
smri_t1w.white02_cort.desikan_temporalpole.rh,t1w_ctx_rh_temppole,freesvol01
smri_t1w.white02_cort.desikan_transversetemporal.rh,t1w_ctx_rh_transversetemp,freesvol01
smri_t1w.white02_cort.fuzzy2_frontal.lh,t1w_ctx_lh_f2_front,freesvol01
smri_t1w.white02_cort.fuzzy2_posterior.lh,t1w_ctx_lh_f2_posterior,freesvol01
smri_t1w.white02_cort.fuzzy4_frontal.lh,t1w_ctx_lh_f4_front,freesvol01
smri_t1w.white02_cort.fuzzy4_occipital.lh,t1w_ctx_lh_f4_occipital,freesvol01
smri_t1w.white02_cort.fuzzy4_temporal.lh,t1w_ctx_lh_f4_temp,freesvol01
smri_t1w.white02_cort.fuzzy4_parietal.lh,t1w_ctx_lh_f4_pariet,freesvol01
smri_t1w.white02_cort.fuzzy12_central.lh,t1w_ctx_lh_f12_central,freesvol01
smri_t1w.white02_cort.fuzzy12_occipital.lh,t1w_ctx_lh_f12_occipital,freesvol01
smri_t1w.white02_cort.fuzzy12_posterolateraltemporal.lh,t1w_ctx_lh_f12_poster_ltr_temp,freesvol01
smri_t1w.white02_cort.fuzzy12_superiorparietal.lh,t1w_ctx_lh_f12_superiorpariet,freesvol01
smri_t1w.white02_cort.fuzzy12_orbitofrontal.lh,t1w_ctx_lh_f12_orbitofront,freesvol01
smri_t1w.white02_cort.fuzzy12_superiortemporal.lh,t1w_ctx_lh_f12_superiortemp,freesvol01
smri_t1w.white02_cort.fuzzy12_inferiorparietal.lh,t1w_ctx_lh_f12_inferiorpariet,freesvol01
smri_t1w.white02_cort.fuzzy12_dorsomedialfrontal.lh,t1w_ctx_lh_f12_dorsomedial_ft,freesvol01
smri_t1w.white02_cort.fuzzy12_anteromedialtemporal.lh,t1w_ctx_lh_f12_atr_medialtemp,freesvol01
smri_t1w.white02_cort.fuzzy12_precuneus.lh,t1w_ctx_lh_f12_precuneus,freesvol01
smri_t1w.white02_cort.fuzzy12_dorsolateralprefrontal.lh,t1w_ctx_lh_f12_dorltr_pre_ft,freesvol01
smri_t1w.white02_cort.fuzzy12_parsopercularis.lh,t1w_ctx_lh_f12_parpercul,freesvol01
smri_t1w.white02_cort.fuzzy2_frontal.rh,t1w_ctx_rh_f2_front,freesvol01
smri_t1w.white02_cort.fuzzy2_posterior.rh,t1w_ctx_rh_f2_posterior,freesvol01
smri_t1w.white02_cort.fuzzy4_frontal.rh,t1w_ctx_rh_f4_front,freesvol01
smri_t1w.white02_cort.fuzzy4_occipital.rh,t1w_ctx_rh_f4_occipital,freesvol01
smri_t1w.white02_cort.fuzzy4_temporal.rh,t1w_ctx_rh_f4_temp,freesvol01
smri_t1w.white02_cort.fuzzy4_parietal.rh,t1w_ctx_rh_f4_pariet,freesvol01
smri_t1w.white02_cort.fuzzy12_central.rh,t1w_ctx_rh_f12_central,freesvol01
smri_t1w.white02_cort.fuzzy12_occipital.rh,t1w_ctx_rh_f12_occipital,freesvol01
smri_t1w.white02_cort.fuzzy12_posterolateraltemporal.rh,t1w_ctx_rh_f12_poster_ltr_temp,freesvol01
smri_t1w.white02_cort.fuzzy12_superiorparietal.rh,t1w_ctx_rh_f12_superiorpariet,freesvol01
smri_t1w.white02_cort.fuzzy12_orbitofrontal.rh,t1w_ctx_rh_f12_orbitofront,freesvol01
smri_t1w.white02_cort.fuzzy12_superiortemporal.rh,t1w_ctx_rh_f12_superiortemp,freesvol01
smri_t1w.white02_cort.fuzzy12_inferiorparietal.rh,t1w_ctx_rh_f12_inferiorpariet,freesvol01
smri_t1w.white02_cort.fuzzy12_dorsomedialfrontal.rh,t1w_ctx_rh_f12_dorsomedial_ft,freesvol01
smri_t1w.white02_cort.fuzzy12_anteromedialtemporal.rh,t1w_ctx_rh_f12_atr_medialtemp,freesvol01
smri_t1w.white02_cort.fuzzy12_precuneus.rh,t1w_ctx_rh_f12_precuneus,freesvol01
smri_t1w.white02_cort.fuzzy12_dorsolateralprefrontal.rh,t1w_ctx_rh_f12_dorltr_pre_ft,freesvol01
smri_t1w.white02_cort.fuzzy12_parsopercularis.rh,t1w_ctx_rh_f12_parpercular,freesvol01
smri_t1w.white02_cort.desikan_mean.lh,t1w_ctx_lh_mean,freesvol01
smri_t1w.white02_cort.desikan_mean.rh,t1w_ctx_rh_mean,freesvol01
smri_t1w.white02_cort.desikan_mean,t1w_ctx_mean,freesvol01
smri_t1w.gray02_cort.desikan_bankssts.lh,t1g_ctx_lh_bankssts,freesvol01
smri_t1w.gray02_cort.desikan_caudalanteriorcingulate.lh,t1g_ctx_lh_cdl_anteriorcing,freesvol01
smri_t1w.gray02_cort.desikan_caudalmiddlefrontal.lh,t1g_ctx_lh_cdl_middlefront,freesvol01
smri_t1w.gray02_cort.desikan_cuneus.lh,t1g_ctx_lh_cuneus,freesvol01
smri_t1w.gray02_cort.desikan_entorhinal.lh,t1g_ctx_lh_entorhinal,freesvol01
smri_t1w.gray02_cort.desikan_fusiform.lh,t1g_ctx_lh_fusiform,freesvol01
smri_t1w.gray02_cort.desikan_inferiorparietal.lh,t1g_ctx_lh_inferiorpariet,freesvol01
smri_t1w.gray02_cort.desikan_inferiortemporal.lh,t1g_ctx_lh_inferiortemp,freesvol01
smri_t1w.gray02_cort.desikan_isthmuscingulate.lh,t1g_ctx_lh_isthmuscing,freesvol01
smri_t1w.gray02_cort.desikan_lateraloccipital.lh,t1g_ctx_lh_ltr_occipital,freesvol01
smri_t1w.gray02_cort.desikan_lateralorbitofrontal.lh,t1g_ctx_lh_ltr_orbitofront,freesvol01
smri_t1w.gray02_cort.desikan_lingual.lh,t1g_ctx_lh_lingual,freesvol01
smri_t1w.gray02_cort.desikan_medialorbitofrontal.lh,t1g_ctx_lh_medialorbitofront,freesvol01
smri_t1w.gray02_cort.desikan_middletemporal.lh,t1g_ctx_lh_middletemp,freesvol01
smri_t1w.gray02_cort.desikan_parahippocampal.lh,t1g_ctx_lh_parahippocampal,freesvol01
smri_t1w.gray02_cort.desikan_paracentral.lh,t1g_ctx_lh_paracentral,freesvol01
smri_t1w.gray02_cort.desikan_parsopercularis.lh,t1g_ctx_lh_parsopercularis,freesvol01
smri_t1w.gray02_cort.desikan_parsorbitalis.lh,t1g_ctx_lh_parsorbitalis,freesvol01
smri_t1w.gray02_cort.desikan_parstriangularis.lh,t1g_ctx_lh_parstriangularis,freesvol01
smri_t1w.gray02_cort.desikan_pericalcarine.lh,t1g_ctx_lh_pericalcarine,freesvol01
smri_t1w.gray02_cort.desikan_postcentral.lh,t1g_ctx_lh_postcentral,freesvol01
smri_t1w.gray02_cort.desikan_posteriorcingulate.lh,t1g_ctx_lh_posteriorcing,freesvol01
smri_t1w.gray02_cort.desikan_precentral.lh,t1g_ctx_lh_precentral,freesvol01
smri_t1w.gray02_cort.desikan_precuneus.lh,t1g_ctx_lh_precuneus,freesvol01
smri_t1w.gray02_cort.desikan_rostralanteriorcingulate.lh,t1g_ctx_lh_rostral_atr_cing,freesvol01
smri_t1w.gray02_cort.desikan_rostralmiddlefrontal.lh,t1g_ctx_lh_rostralmiddlefront,freesvol01
smri_t1w.gray02_cort.desikan_superiorfrontal.lh,t1g_ctx_lh_superiorfront,freesvol01
smri_t1w.gray02_cort.desikan_superiorparietal.lh,t1g_ctx_lh_superiorpariet,freesvol01
smri_t1w.gray02_cort.desikan_superiortemporal.lh,t1g_ctx_lh_superiortemp,freesvol01
smri_t1w.gray02_cort.desikan_supramarginal.lh,t1g_ctx_lh_supramarginal,freesvol01
smri_t1w.gray02_cort.desikan_frontalpole.lh,t1g_ctx_lh_frontpole,freesvol01
smri_t1w.gray02_cort.desikan_temporalpole.lh,t1g_ctx_lh_temppole,freesvol01
smri_t1w.gray02_cort.desikan_transversetemporal.lh,t1g_ctx_lh_transversetemp,freesvol01
smri_t1w.gray02_cort.desikan_bankssts.rh,t1g_ctx_rh_bankssts,freesvol01
smri_t1w.gray02_cort.desikan_caudalanteriorcingulate.rh,t1g_ctx_rh_cdl_anteriorcing,freesvol01
smri_t1w.gray02_cort.desikan_caudalmiddlefrontal.rh,t1g_ctx_rh_cdl_middlefront,freesvol01
smri_t1w.gray02_cort.desikan_cuneus.rh,t1g_ctx_rh_cuneus,freesvol01
smri_t1w.gray02_cort.desikan_entorhinal.rh,t1g_ctx_rh_entorhinal,freesvol01
smri_t1w.gray02_cort.desikan_fusiform.rh,t1g_ctx_rh_fusiform,freesvol01
smri_t1w.gray02_cort.desikan_inferiorparietal.rh,t1g_ctx_rh_inferiorpariet,freesvol01
smri_t1w.gray02_cort.desikan_inferiortemporal.rh,t1g_ctx_rh_inferiortemp,freesvol01
smri_t1w.gray02_cort.desikan_isthmuscingulate.rh,t1g_ctx_rh_isthmuscing,freesvol01
smri_t1w.gray02_cort.desikan_lateraloccipital.rh,t1g_ctx_rh_ltr_occipital,freesvol01
smri_t1w.gray02_cort.desikan_lateralorbitofrontal.rh,t1g_ctx_rh_ltr_orbitofront,freesvol01
smri_t1w.gray02_cort.desikan_lingual.rh,t1g_ctx_rh_lingual,freesvol01
smri_t1w.gray02_cort.desikan_medialorbitofrontal.rh,t1g_ctx_rh_medialorbitofront,freesvol01
smri_t1w.gray02_cort.desikan_middletemporal.rh,t1g_ctx_rh_middletemp,freesvol01
smri_t1w.gray02_cort.desikan_parahippocampal.rh,t1g_ctx_rh_parahippocampal,freesvol01
smri_t1w.gray02_cort.desikan_paracentral.rh,t1g_ctx_rh_paracentral,freesvol01
smri_t1w.gray02_cort.desikan_parsopercularis.rh,t1g_ctx_rh_parsopercularis,freesvol01
smri_t1w.gray02_cort.desikan_parsorbitalis.rh,t1g_ctx_rh_parsorbitalis,freesvol01
smri_t1w.gray02_cort.desikan_parstriangularis.rh,t1g_ctx_rh_parstriangularis,freesvol01
smri_t1w.gray02_cort.desikan_pericalcarine.rh,t1g_ctx_rh_pericalcarine,freesvol01
smri_t1w.gray02_cort.desikan_postcentral.rh,t1g_ctx_rh_postcentral,freesvol01
smri_t1w.gray02_cort.desikan_posteriorcingulate.rh,t1g_ctx_rh_posteriorcing,freesvol01
smri_t1w.gray02_cort.desikan_precentral.rh,t1g_ctx_rh_precentral,freesvol01
smri_t1w.gray02_cort.desikan_precuneus.rh,t1g_ctx_rh_precuneus,freesvol01
smri_t1w.gray02_cort.desikan_rostralanteriorcingulate.rh,t1g_ctx_rh_rostral_atr_cing,freesvol01
smri_t1w.gray02_cort.desikan_rostralmiddlefrontal.rh,t1g_ctx_rh_rostralmiddlefront,freesvol01
smri_t1w.gray02_cort.desikan_superiorfrontal.rh,t1g_ctx_rh_superiorfront,freesvol01
smri_t1w.gray02_cort.desikan_superiorparietal.rh,t1g_ctx_rh_superiorpariet,freesvol01
smri_t1w.gray02_cort.desikan_superiortemporal.rh,t1g_ctx_rh_superiortemp,freesvol01
smri_t1w.gray02_cort.desikan_supramarginal.rh,t1g_ctx_rh_supramarginal,freesvol01
smri_t1w.gray02_cort.desikan_frontalpole.rh,t1g_ctx_rh_frontpole,freesvol01
smri_t1w.gray02_cort.desikan_temporalpole.rh,t1g_ctx_rh_temppole,freesvol01
smri_t1w.gray02_cort.desikan_transversetemporal.rh,t1g_ctx_rh_transversetemp,freesvol01
smri_t1w.gray02_cort.fuzzy2_frontal.lh,t1g_ctx_lh_f2_front,freesvol01
smri_t1w.gray02_cort.fuzzy2_posterior.lh,t1g_ctx_lh_f2_posterior,freesvol01
smri_t1w.gray02_cort.fuzzy4_frontal.lh,t1g_ctx_lh_f4_front,freesvol01
smri_t1w.gray02_cort.fuzzy4_occipital.lh,t1g_ctx_lh_f4_occipital,freesvol01
smri_t1w.gray02_cort.fuzzy4_temporal.lh,t1g_ctx_lh_f4_temp,freesvol01
smri_t1w.gray02_cort.fuzzy4_parietal.lh,t1g_ctx_lh_f4_pariet,freesvol01
smri_t1w.gray02_cort.fuzzy12_central.lh,t1g_ctx_lh_f12_central,freesvol01
smri_t1w.gray02_cort.fuzzy12_occipital.lh,t1g_ctx_lh_f12_occipital,freesvol01
smri_t1w.gray02_cort.fuzzy12_posterolateraltemporal.lh,t1g_ctx_lh_f12_poster_ltr_temp,freesvol01
smri_t1w.gray02_cort.fuzzy12_superiorparietal.lh,t1g_ctx_lh_f12_superiorpariet,freesvol01
smri_t1w.gray02_cort.fuzzy12_orbitofrontal.lh,t1g_ctx_lh_f12_orbitofront,freesvol01
smri_t1w.gray02_cort.fuzzy12_superiortemporal.lh,t1g_ctx_lh_f12_superiortemp,freesvol01
smri_t1w.gray02_cort.fuzzy12_inferiorparietal.lh,t1g_ctx_lh_f12_inferiorpariet,freesvol01
smri_t1w.gray02_cort.fuzzy12_dorsomedialfrontal.lh,t1g_ctx_lh_f12_dorsomedial_ft,freesvol01
smri_t1w.gray02_cort.fuzzy12_anteromedialtemporal.lh,t1g_ctx_lh_f12_atr_medialtemp,freesvol01
smri_t1w.gray02_cort.fuzzy12_precuneus.lh,t1g_ctx_lh_f12_precuneus,freesvol01
smri_t1w.gray02_cort.fuzzy12_dorsolateralprefrontal.lh,t1g_ctx_lh_f12_dorltr_pre_ft,freesvol01
smri_t1w.gray02_cort.fuzzy12_parsopercularis.lh,t1g_ctx_lh_f12_parpercular,freesvol01
smri_t1w.gray02_cort.fuzzy2_frontal.rh,t1g_ctx_rh_f2_front,freesvol01
smri_t1w.gray02_cort.fuzzy2_posterior.rh,t1g_ctx_rh_f2_posterior,freesvol01
smri_t1w.gray02_cort.fuzzy4_frontal.rh,t1g_ctx_rh_f4_front,freesvol01
smri_t1w.gray02_cort.fuzzy4_occipital.rh,t1g_ctx_rh_f4_occipital,freesvol01
smri_t1w.gray02_cort.fuzzy4_temporal.rh,t1g_ctx_rh_f4_temp,freesvol01
smri_t1w.gray02_cort.fuzzy4_parietal.rh,t1g_ctx_rh_f4_pariet,freesvol01
smri_t1w.gray02_cort.fuzzy12_central.rh,t1g_ctx_rh_f12_central,freesvol01
smri_t1w.gray02_cort.fuzzy12_occipital.rh,t1g_ctx_rh_f12_occipital,freesvol01
smri_t1w.gray02_cort.fuzzy12_posterolateraltemporal.rh,t1g_ctx_rh_f12_poster_ltr_temp,freesvol01
smri_t1w.gray02_cort.fuzzy12_superiorparietal.rh,t1g_ctx_rh_f12_superiorpariet,freesvol01
smri_t1w.gray02_cort.fuzzy12_orbitofrontal.rh,t1g_ctx_rh_f12_orbitofront,freesvol01
smri_t1w.gray02_cort.fuzzy12_superiortemporal.rh,t1g_ctx_rh_f12_superiortemp,freesvol01
smri_t1w.gray02_cort.fuzzy12_inferiorparietal.rh,t1g_ctx_rh_f12_inferiorpariet,freesvol01
smri_t1w.gray02_cort.fuzzy12_dorsomedialfrontal.rh,t1g_ctx_rh_f12_dorsomedial_ft,freesvol01
smri_t1w.gray02_cort.fuzzy12_anteromedialtemporal.rh,t1g_ctx_rh_f12_atr_medialtemp,freesvol01
smri_t1w.gray02_cort.fuzzy12_precuneus.rh,t1g_ctx_rh_f12_precuneus,freesvol01
smri_t1w.gray02_cort.fuzzy12_dorsolateralprefrontal.rh,t1g_ctx_rh_f12_dorltr_pre_ft,freesvol01
smri_t1w.gray02_cort.fuzzy12_parsopercularis.rh,t1g_ctx_rh_f12_parpercul,freesvol01
smri_t1w.gray02_cort.desikan_mean.lh,t1g_ctx_lh_mean,freesvol01
smri_t1w.gray02_cort.desikan_mean.rh,t1g_ctx_rh_mean,freesvol01
smri_t1w.gray02_cort.desikan_mean,t1g_ctx_mean,freesvol01
smri_t1w.contrast_cort.desikan_bankssts.lh,cc_lh_bankssts,freesvol01
smri_t1w.contrast_cort.desikan_caudalanteriorcingulate.lh,cc_lh_caudalanteriorcing,freesvol01
smri_t1w.contrast_cort.desikan_caudalmiddlefrontal.lh,cc_lh_caudalmiddlefront,freesvol01
smri_t1w.contrast_cort.desikan_cuneus.lh,cc_lh_cuneus,freesvol01
smri_t1w.contrast_cort.desikan_entorhinal.lh,cc_lh_entorhinal,freesvol01
smri_t1w.contrast_cort.desikan_fusiform.lh,cc_lh_fusiform,freesvol01
smri_t1w.contrast_cort.desikan_inferiorparietal.lh,cc_lh_inferiorpariet,freesvol01
smri_t1w.contrast_cort.desikan_inferiortemporal.lh,cc_lh_inferiortemp,freesvol01
smri_t1w.contrast_cort.desikan_isthmuscingulate.lh,cc_lh_isthmuscing,freesvol01
smri_t1w.contrast_cort.desikan_lateraloccipital.lh,cc_lh_ltr_occipital,freesvol01
smri_t1w.contrast_cort.desikan_lateralorbitofrontal.lh,cc_lh_ltr_orbitofront,freesvol01
smri_t1w.contrast_cort.desikan_lingual.lh,cc_lh_lingual,freesvol01
smri_t1w.contrast_cort.desikan_medialorbitofrontal.lh,cc_lh_medialorbitofront,freesvol01
smri_t1w.contrast_cort.desikan_middletemporal.lh,cc_lh_middletemp,freesvol01
smri_t1w.contrast_cort.desikan_parahippocampal.lh,cc_lh_parahippocampal,freesvol01
smri_t1w.contrast_cort.desikan_paracentral.lh,cc_lh_paracentral,freesvol01
smri_t1w.contrast_cort.desikan_parsopercularis.lh,cc_lh_parsopercularis,freesvol01
smri_t1w.contrast_cort.desikan_parsorbitalis.lh,cc_lh_parsorbitalis,freesvol01
smri_t1w.contrast_cort.desikan_parstriangularis.lh,cc_lh_parstriangularis,freesvol01
smri_t1w.contrast_cort.desikan_pericalcarine.lh,cc_lh_pericalcarine,freesvol01
smri_t1w.contrast_cort.desikan_postcentral.lh,cc_lh_postcentral,freesvol01
smri_t1w.contrast_cort.desikan_posteriorcingulate.lh,cc_lh_posteriorcing,freesvol01
smri_t1w.contrast_cort.desikan_precentral.lh,cc_lh_precentral,freesvol01
smri_t1w.contrast_cort.desikan_precuneus.lh,cc_lh_precuneus,freesvol01
smri_t1w.contrast_cort.desikan_rostralanteriorcingulate.lh,cc_lh_rostralanteriorcing,freesvol01
smri_t1w.contrast_cort.desikan_rostralmiddlefrontal.lh,cc_lh_rostralmiddlefront,freesvol01
smri_t1w.contrast_cort.desikan_superiorfrontal.lh,cc_lh_superiorfront,freesvol01
smri_t1w.contrast_cort.desikan_superiorparietal.lh,cc_lh_superiorpariet,freesvol01
smri_t1w.contrast_cort.desikan_superiortemporal.lh,cc_lh_superiortemp,freesvol01
smri_t1w.contrast_cort.desikan_supramarginal.lh,cc_lh_supramarginal,freesvol01
smri_t1w.contrast_cort.desikan_frontalpole.lh,cc_lh_frontpole,freesvol01
smri_t1w.contrast_cort.desikan_temporalpole.lh,cc_lh_temppole,freesvol01
smri_t1w.contrast_cort.desikan_transversetemporal.lh,cc_lh_transversetemp,freesvol01
smri_t1w.contrast_cort.desikan_bankssts.rh,cc_rh_bankssts,freesvol01
smri_t1w.contrast_cort.desikan_caudalanteriorcingulate.rh,cc_rh_caudalanteriorcing,freesvol01
smri_t1w.contrast_cort.desikan_caudalmiddlefrontal.rh,cc_rh_caudalmiddlefront,freesvol01
smri_t1w.contrast_cort.desikan_cuneus.rh,cc_rh_cuneus,freesvol01
smri_t1w.contrast_cort.desikan_entorhinal.rh,cc_rh_entorhinal,freesvol01
smri_t1w.contrast_cort.desikan_fusiform.rh,cc_rh_fusiform,freesvol01
smri_t1w.contrast_cort.desikan_inferiorparietal.rh,cc_rh_inferiorpariet,freesvol01
smri_t1w.contrast_cort.desikan_inferiortemporal.rh,cc_rh_inferiortemp,freesvol01
smri_t1w.contrast_cort.desikan_isthmuscingulate.rh,cc_rh_isthmuscing,freesvol01
smri_t1w.contrast_cort.desikan_lateraloccipital.rh,cc_rh_ltr_occipital,freesvol01
smri_t1w.contrast_cort.desikan_lateralorbitofrontal.rh,cc_rh_ltr_orbitofront,freesvol01
smri_t1w.contrast_cort.desikan_lingual.rh,cc_rh_lingual,freesvol01
smri_t1w.contrast_cort.desikan_medialorbitofrontal.rh,cc_rh_medialorbitofront,freesvol01
smri_t1w.contrast_cort.desikan_middletemporal.rh,cc_rh_middletemp,freesvol01
smri_t1w.contrast_cort.desikan_parahippocampal.rh,cc_rh_parahippocampal,freesvol01
smri_t1w.contrast_cort.desikan_paracentral.rh,cc_rh_paracentral,freesvol01
smri_t1w.contrast_cort.desikan_parsopercularis.rh,cc_rh_parsopercularis,freesvol01
smri_t1w.contrast_cort.desikan_parsorbitalis.rh,cc_rh_parsorbitalis,freesvol01
smri_t1w.contrast_cort.desikan_parstriangularis.rh,cc_rh_parstriangularis,freesvol01
smri_t1w.contrast_cort.desikan_pericalcarine.rh,cc_rh_pericalcarine,freesvol01
smri_t1w.contrast_cort.desikan_postcentral.rh,cc_rh_postcentral,freesvol01
smri_t1w.contrast_cort.desikan_posteriorcingulate.rh,cc_rh_posteriorcing,freesvol01
smri_t1w.contrast_cort.desikan_precentral.rh,cc_rh_precentral,freesvol01
smri_t1w.contrast_cort.desikan_precuneus.rh,cc_rh_precuneus,freesvol01
smri_t1w.contrast_cort.desikan_rostralanteriorcingulate.rh,cc_rh_rostralanteriorcing,freesvol01
smri_t1w.contrast_cort.desikan_rostralmiddlefrontal.rh,cc_rh_rostralmiddlefront,freesvol01
smri_t1w.contrast_cort.desikan_superiorfrontal.rh,cc_rh_superiorfront,freesvol01
smri_t1w.contrast_cort.desikan_superiorparietal.rh,cc_rh_superiorpariet,freesvol01
smri_t1w.contrast_cort.desikan_superiortemporal.rh,cc_rh_superiortemp,freesvol01
smri_t1w.contrast_cort.desikan_supramarginal.rh,cc_rh_supramarginal,freesvol01
smri_t1w.contrast_cort.desikan_frontalpole.rh,cc_rh_frontpole,freesvol01
smri_t1w.contrast_cort.desikan_temporalpole.rh,cc_rh_temppole,freesvol01
smri_t1w.contrast_cort.desikan_transversetemporal.rh,cc_rh_transversetemp,freesvol01
smri_t1w.contrast_cort.fuzzy2_frontal.lh,cc_lh_f2_front,freesvol01
smri_t1w.contrast_cort.fuzzy2_posterior.lh,cc_lh_f2_posterior,freesvol01
smri_t1w.contrast_cort.fuzzy4_frontal.lh,cc_lh_f4_front,freesvol01
smri_t1w.contrast_cort.fuzzy4_occipital.lh,cc_lh_f4_occipital,freesvol01
smri_t1w.contrast_cort.fuzzy4_temporal.lh,cc_lh_f4_temp,freesvol01
smri_t1w.contrast_cort.fuzzy4_parietal.lh,cc_lh_f4_pariet,freesvol01
smri_t1w.contrast_cort.fuzzy12_central.lh,cc_lh_f12_central,freesvol01
smri_t1w.contrast_cort.fuzzy12_occipital.lh,cc_lh_f12_occipital,freesvol01
smri_t1w.contrast_cort.fuzzy12_posterolateraltemporal.lh,cc_lh_f12_postero_ltr_temp,freesvol01
smri_t1w.contrast_cort.fuzzy12_superiorparietal.lh,cc_lh_f12_superiorpariet,freesvol01
smri_t1w.contrast_cort.fuzzy12_orbitofrontal.lh,cc_lh_f12_orbitofront,freesvol01
smri_t1w.contrast_cort.fuzzy12_superiortemporal.lh,cc_lh_f12_superiortemp,freesvol01
smri_t1w.contrast_cort.fuzzy12_inferiorparietal.lh,cc_lh_f12_inferiorpariet,freesvol01
smri_t1w.contrast_cort.fuzzy12_dorsomedialfrontal.lh,cc_lh_f12_dorsomedialfront,freesvol01
smri_t1w.contrast_cort.fuzzy12_anteromedialtemporal.lh,cc_lh_f12_anteromedialtemp,freesvol01
smri_t1w.contrast_cort.fuzzy12_precuneus.lh,cc_lh_f12_precuneus,freesvol01
smri_t1w.contrast_cort.fuzzy12_dorsolateralprefrontal.lh,cc_lh_f12_dorso_ltr_prefront,freesvol01
smri_t1w.contrast_cort.fuzzy12_parsopercularis.lh,cc_lh_f12_parsopercularis,freesvol01
smri_t1w.contrast_cort.fuzzy2_frontal.rh,cc_rh_f2_front,freesvol01
smri_t1w.contrast_cort.fuzzy2_posterior.rh,cc_rh_f2_posterior,freesvol01
smri_t1w.contrast_cort.fuzzy4_frontal.rh,cc_rh_f4_front,freesvol01
smri_t1w.contrast_cort.fuzzy4_occipital.rh,cc_rh_f4_occipital,freesvol01
smri_t1w.contrast_cort.fuzzy4_temporal.rh,cc_rh_f4_temp,freesvol01
smri_t1w.contrast_cort.fuzzy4_parietal.rh,cc_rh_f4_pariet,freesvol01
smri_t1w.contrast_cort.fuzzy12_central.rh,cc_rh_f12_central,freesvol01
smri_t1w.contrast_cort.fuzzy12_occipital.rh,cc_rh_f12_occipital,freesvol01
smri_t1w.contrast_cort.fuzzy12_posterolateraltemporal.rh,cc_rh_f12_postero_ltr_temp,freesvol01
smri_t1w.contrast_cort.fuzzy12_superiorparietal.rh,cc_rh_f12_superiorpariet,freesvol01
smri_t1w.contrast_cort.fuzzy12_orbitofrontal.rh,cc_rh_f12_orbitofront,freesvol01
smri_t1w.contrast_cort.fuzzy12_superiortemporal.rh,cc_rh_f12_superiortemp,freesvol01
smri_t1w.contrast_cort.fuzzy12_inferiorparietal.rh,cc_rh_f12_inferiorpariet,freesvol01
smri_t1w.contrast_cort.fuzzy12_dorsomedialfrontal.rh,cc_rh_f12_dorsomedialfront,freesvol01
smri_t1w.contrast_cort.fuzzy12_anteromedialtemporal.rh,cc_rh_f12_anteromedialtemp,freesvol01
smri_t1w.contrast_cort.fuzzy12_precuneus.rh,cc_rh_f12_precuneus,freesvol01
smri_t1w.contrast_cort.fuzzy12_dorsolateralprefrontal.rh,cc_rh_f12_dorso_ltr_prefront,freesvol01
smri_t1w.contrast_cort.fuzzy12_parsopercularis.rh,cc_rh_f12_parsopercularis,freesvol01
smri_t1w.contrast_cort.desikan_mean.lh,cc_lh_mean,freesvol01
smri_t1w.contrast_cort.desikan_mean.rh,cc_rh_mean,freesvol01
smri_t1w.contrast_cort.desikan_mean,cc_mean,freesvol01
smri_vol_subcort.aseg_cerebral.white.matter.lh,l_ceb_wm,freesvol01
smri_vol_subcort.aseg_cerebral.cortex.lh,l_ceb_cortex,freesvol01
smri_vol_subcort.aseg_lateral.ventricle.lh,mriscort_v_lf_ltrl_vntcl,freesvol01
smri_vol_subcort.aseg_inf.lat.vent.lh,mriscort_v_lf_inf_lat_vent,freesvol01
smri_vol_subcort.aseg_cerebellum.white.matter.lh,mriscort_v_lf_cblum_wt_mtr,freesvol01
smri_vol_subcort.aseg_cerebellum.cortex.lh,mriscort_v_lf_cblum_cortex,freesvol01
smri_vol_subcort.aseg_thalamus.proper.lh,mriscort_v_lf_thmus_proper,freesvol01
smri_vol_subcort.aseg_caudate.lh,mriscort_v_lf_caudate,freesvol01
smri_vol_subcort.aseg_putamen.lh,mriscort_v_lf_putamen,freesvol01
smri_vol_subcort.aseg_pallidum.lh,mriscort_v_lf_pallidum,freesvol01
smri_vol_subcort.aseg_3rd.ventricle,mriscort_v_3rd_vntcl,freesvol01
smri_vol_subcort.aseg_4th.ventricle,mriscort_v_4th_vntcl,freesvol01
smri_vol_subcort.aseg_brain.stem,mriscort_v_brain_stem,freesvol01
smri_vol_subcort.aseg_hippocampus.lh,mriscort_v_lf_hippocampus,freesvol01
smri_vol_subcort.aseg_amygdala.lh,mriscort_v_lf_amygdala,freesvol01
smri_vol_subcort.aseg_csf,mriscort_v_csf,freesvol01
smri_vol_subcort.aseg_lesion.lh,l_lesion,freesvol01
smri_vol_subcort.aseg_accumbens.area.lh,mriscort_v_lf_acc_area,freesvol01
smri_vol_subcort.aseg_ventraldc.lh,mriscort_v_lf_ventraldc,freesvol01
smri_vol_subcort.aseg_cerebral.white.matter.rh,r_ceb_wm,freesvol01
smri_vol_subcort.aseg_cerebral.cortex.rh,r_ceb_cortex,freesvol01
smri_vol_subcort.aseg_lateral.ventricle.rh,mriscort_v_rt_ltrl_vntcl,freesvol01
smri_vol_subcort.aseg_inf.lat.vent.rh,mriscort_v_rt_inf_lat_vent,freesvol01
smri_vol_subcort.aseg_cerebellum.white.matter.rh,mriscort_v_rt_cblum_wt_mtr,freesvol01
smri_vol_subcort.aseg_cerebellum.cortex.rh,mriscort_v_rt_cblum_cortex,freesvol01
smri_vol_subcort.aseg_thalamus.proper.rh,mriscort_v_rt_thmus_proper,freesvol01
smri_vol_subcort.aseg_caudate.rh,mriscort_v_rt_caudate,freesvol01
smri_vol_subcort.aseg_putamen.rh,mriscort_v_rt_putamen,freesvol01
smri_vol_subcort.aseg_pallidum.rh,mriscort_v_rt_pallidum,freesvol01
smri_vol_subcort.aseg_hippocampus.rh,mriscort_v_rt_hippocampus,freesvol01
smri_vol_subcort.aseg_amygdala.rh,mriscort_v_rt_amygdala,freesvol01
smri_vol_subcort.aseg_lesion.rh,r_lesion,freesvol01
smri_vol_subcort.aseg_accumbens.area.rh,mriscort_v_rt_acc_area,freesvol01
smri_vol_subcort.aseg_ventraldc.rh,mriscort_v_rt_ventraldc,freesvol01
smri_vol_subcort.aseg_wm.hypointensities,wm_hypointensities,freesvol01
smri_vol_subcort.aseg_wm.hypointensities.lh,l_wm_hypointensities,freesvol01
smri_vol_subcort.aseg_wm.hypointensities.rh,r_wm_hypointensities,freesvol01
smri_vol_subcort.aseg_wholebrain,wholebrain,freesvol01
smri_vol_subcort.aseg_latventricles,lat_ventrs,freesvol01
smri_vol_subcort.aseg_allventricles,all_ventrs,freesvol01
smri_vol_subcort.aseg_brainmaskvolume,brainmaskvolume,freesvol01
smri_vol_subcort.aseg_brainsegmentationvolume,brainsegmentationvolume,freesvol01
smri_vol_subcort.aseg_intracranialvolume,intracranialvolume,freesvol01
smri_vol_subcort.aseg_supratentorialvolume,supratentorialvolume,freesvol01
smri_vol_subcort.aseg_subcorticalgrayvolume,subcorticalgrayvolume,freesvol01
smri_t1w_subcort.aseg_cerebral.white.matter.lh,t1w_l_ceb_wm,freesvol01
smri_t1w_subcort.aseg_cerebral.cortex.lh,t1w_l_ceb_cortex,freesvol01
smri_t1w_subcort.aseg_lateral.ventricle.lh,t1w_l_ltr_ventr,freesvol01
smri_t1w_subcort.aseg_inf.lat.vent.lh,t1w_l_inf_lat_vent,freesvol01
smri_t1w_subcort.aseg_cerebellum.white.matter.lh,t1w_l_cer_wm,freesvol01
smri_t1w_subcort.aseg_cerebellum.cortex.lh,t1w_l_cer_cortex,freesvol01
smri_t1w_subcort.aseg_thalamus.proper.lh,t1w_l_thalamuprop,freesvol01
smri_t1w_subcort.aseg_caudate.lh,t1w_l_caudate,freesvol01
smri_t1w_subcort.aseg_putamen.lh,t1w_l_putamen,freesvol01
smri_t1w_subcort.aseg_pallidum.lh,t1w_l_pallidum,freesvol01
smri_t1w_subcort.aseg_3rd.ventricle,t1w_3rd_ventr,freesvol01
smri_t1w_subcort.aseg_4th.ventricle,t1w_4th_ventr,freesvol01
smri_t1w_subcort.aseg_brain.stem,t1w_brain_stem,freesvol01
smri_t1w_subcort.aseg_hippocampus.lh,t1w_l_hippo,freesvol01
smri_t1w_subcort.aseg_amygdala.lh,t1w_l_amygdala,freesvol01
smri_t1w_subcort.aseg_csf,t1w_csf,freesvol01
smri_t1w_subcort.aseg_lesion.lh,t1w_l_lesion,freesvol01
smri_t1w_subcort.aseg_accumbens.area.lh,t1w_l_accumbenarea,freesvol01
smri_t1w_subcort.aseg_ventraldc.lh,t1w_l_ventraldc,freesvol01
smri_t1w_subcort.aseg_cerebral.white.matter.rh,t1w_r_ceb_wm,freesvol01
smri_t1w_subcort.aseg_cerebral.cortex.rh,t1w_r_ceb_cortex,freesvol01
smri_t1w_subcort.aseg_lateral.ventricle.rh,t1w_r_ltr_ventr,freesvol01
smri_t1w_subcort.aseg_inf.lat.vent.rh,t1w_r_inf_lat_vent,freesvol01
smri_t1w_subcort.aseg_cerebellum.white.matter.rh,t1w_r_cer_wm,freesvol01
smri_t1w_subcort.aseg_cerebellum.cortex.rh,t1w_r_cer_cortex,freesvol01
smri_t1w_subcort.aseg_thalamus.proper.rh,t1w_r_thalamuprop,freesvol01
smri_t1w_subcort.aseg_caudate.rh,t1w_r_caudate,freesvol01
smri_t1w_subcort.aseg_putamen.rh,t1w_r_putamen,freesvol01
smri_t1w_subcort.aseg_pallidum.rh,t1w_r_pallidum,freesvol01
smri_t1w_subcort.aseg_hippocampus.rh,t1w_r_hippo,freesvol01
smri_t1w_subcort.aseg_amygdala.rh,t1w_r_amygdala,freesvol01
smri_t1w_subcort.aseg_lesion.rh,t1w_r_lesion,freesvol01
smri_t1w_subcort.aseg_accumbens.area.rh,t1w_r_accumbenarea,freesvol01
smri_t1w_subcort.aseg_ventraldc.rh,t1w_r_ventraldc,freesvol01
smri_t1w_subcort.aseg_wm.hypointensities,t1w_wm_hypointensities,freesvol01
smri_t1w_subcort.aseg_wm.hypointensities.lh,t1w_l_wm_hypointensities,freesvol01
smri_t1w_subcort.aseg_wm.hypointensities.rh,t1w_r_wm_hypointensities,freesvol01
smri_sulc_cort.desikan_bankssts.lh,crt_sulcctxlhbankssts,freesvol301
smri_sulc_cort.desikan_caudalanteriorcingulate.lh,crt_sulcctxlhcdlantrcglate,freesvol301
smri_sulc_cort.desikan_caudalmiddlefrontal.lh,crt_sulcctxlhcdlmiddleftl,freesvol301
smri_sulc_cort.desikan_cuneus.lh,crt_sulcctxlhcuneus,freesvol301
smri_sulc_cort.desikan_entorhinal.lh,crt_sulcctxlhentorhinal,freesvol301
smri_sulc_cort.desikan_fusiform.lh,crt_sulcctxlhfusiform,freesvol301
smri_sulc_cort.desikan_inferiorparietal.lh,crt_sulcctxlhinferiorparietal,freesvol301
smri_sulc_cort.desikan_inferiortemporal.lh,crt_sulcctxlhinferiortmpl,freesvol301
smri_sulc_cort.desikan_isthmuscingulate.lh,crt_sulcctxlhisthmuscglate,freesvol301
smri_sulc_cort.desikan_lateraloccipital.lh,crt_sulcctxlhlateraloccipital,freesvol301
smri_sulc_cort.desikan_lateralorbitofrontal.lh,crt_sulcctxlhlateralorbitoftl,freesvol301
smri_sulc_cort.desikan_lingual.lh,crt_sulcctxlhlingual,freesvol301
smri_sulc_cort.desikan_medialorbitofrontal.lh,crt_sulcctxlhmedialorbitoftl,freesvol301
smri_sulc_cort.desikan_middletemporal.lh,crt_sulcctxlhmiddletmpl,freesvol301
smri_sulc_cort.desikan_parahippocampal.lh,crt_sulcctxlhparahippocampal,freesvol301
smri_sulc_cort.desikan_paracentral.lh,crt_sulcctxlhparacentral,freesvol301
smri_sulc_cort.desikan_parsopercularis.lh,crt_sulcctxlhparsopercularis,freesvol301
smri_sulc_cort.desikan_parsorbitalis.lh,crt_sulcctxlhparsorbitalis,freesvol301
smri_sulc_cort.desikan_parstriangularis.lh,crt_sulcctxlhparstriangularis,freesvol301
smri_sulc_cort.desikan_pericalcarine.lh,crt_sulcctxlhpericalcarine,freesvol301
smri_sulc_cort.desikan_postcentral.lh,crt_sulcctxlhpostcentral,freesvol301
smri_sulc_cort.desikan_posteriorcingulate.lh,crt_sulcctxlhposteriorcglate,freesvol301
smri_sulc_cort.desikan_precentral.lh,crt_sulcctxlhprecentral,freesvol301
smri_sulc_cort.desikan_precuneus.lh,crt_sulcctxlhprecuneus,freesvol301
smri_sulc_cort.desikan_rostralanteriorcingulate.lh,crt_sulcctxlhrostralantrcglate,freesvol301
smri_sulc_cort.desikan_rostralmiddlefrontal.lh,crt_sulcctxlhrostralmiddleftl,freesvol301
smri_sulc_cort.desikan_superiorfrontal.lh,crt_sulcctxlhsuperiorftl,freesvol301
smri_sulc_cort.desikan_superiorparietal.lh,crt_sulcctxlhsuperiorparietal,freesvol301
smri_sulc_cort.desikan_superiortemporal.lh,crt_sulcctxlhsuperiortmpl,freesvol301
smri_sulc_cort.desikan_supramarginal.lh,crt_sulcctxlhsupramarginal,freesvol301
smri_sulc_cort.desikan_frontalpole.lh,crt_sulcctxlhftlpole,freesvol301
smri_sulc_cort.desikan_temporalpole.lh,crt_sulcctxlhtmplpole,freesvol301
smri_sulc_cort.desikan_transversetemporal.lh,crt_sulcctxlhtransversetmpl,freesvol301
smri_sulc_cort.desikan_insula.lh,crt_sulcctxlhinsula,freesvol301
smri_sulc_cort.desikan_bankssts.rh,crt_sulcctxrhbankssts,freesvol301
smri_sulc_cort.desikan_caudalanteriorcingulate.rh,crt_sulcctxrhcdlantrcglate,freesvol301
smri_sulc_cort.desikan_caudalmiddlefrontal.rh,crt_sulcctxrhcdlmiddleftl,freesvol301
smri_sulc_cort.desikan_cuneus.rh,crt_sulcctxrhcuneus,freesvol301
smri_sulc_cort.desikan_entorhinal.rh,crt_sulcctxrhentorhinal,freesvol301
smri_sulc_cort.desikan_fusiform.rh,crt_sulcctxrhfusiform,freesvol301
smri_sulc_cort.desikan_inferiorparietal.rh,crt_sulcctxrhinferiorparietal,freesvol301
smri_sulc_cort.desikan_inferiortemporal.rh,crt_sulcctxrhinferiortmpl,freesvol301
smri_sulc_cort.desikan_isthmuscingulate.rh,crt_sulcctxrhisthmuscglate,freesvol301
smri_sulc_cort.desikan_lateraloccipital.rh,crt_sulcctxrhlateraloccipital,freesvol301
smri_sulc_cort.desikan_lateralorbitofrontal.rh,crt_sulcctxrhlateralorbitoftl,freesvol301
smri_sulc_cort.desikan_lingual.rh,crt_sulcctxrhlingual,freesvol301
smri_sulc_cort.desikan_medialorbitofrontal.rh,crt_sulcctxrhmedialorbitoftl,freesvol301
smri_sulc_cort.desikan_middletemporal.rh,crt_sulcctxrhmiddletmpl,freesvol301
smri_sulc_cort.desikan_parahippocampal.rh,crt_sulcctxrhparahippocampal,freesvol301
smri_sulc_cort.desikan_paracentral.rh,crt_sulcctxrhparacentral,freesvol301
smri_sulc_cort.desikan_parsopercularis.rh,crt_sulcctxrhparsopercularis,freesvol301
smri_sulc_cort.desikan_parsorbitalis.rh,crt_sulcctxrhparsorbitalis,freesvol301
smri_sulc_cort.desikan_parstriangularis.rh,crt_sulcctxrhparstriangularis,freesvol301
smri_sulc_cort.desikan_pericalcarine.rh,crt_sulcctxrhpericalcarine,freesvol301
smri_sulc_cort.desikan_postcentral.rh,crt_sulcctxrhpostcentral,freesvol301
smri_sulc_cort.desikan_posteriorcingulate.rh,crt_sulcctxrhposteriorcglate,freesvol301
smri_sulc_cort.desikan_precentral.rh,crt_sulcctxrhprecentral,freesvol301
smri_sulc_cort.desikan_precuneus.rh,crt_sulcctxrhprecuneus,freesvol301
smri_sulc_cort.desikan_rostralanteriorcingulate.rh,crt_sulcctxrhrostralantrcglate,freesvol301
smri_sulc_cort.desikan_rostralmiddlefrontal.rh,crt_sulcctxrhrostralmiddleftl,freesvol301
smri_sulc_cort.desikan_superiorfrontal.rh,crt_sulcctxrhsuperiorftl,freesvol301
smri_sulc_cort.desikan_superiorparietal.rh,crt_sulcctxrhsuperiorparietal,freesvol301
smri_sulc_cort.desikan_superiortemporal.rh,crt_sulcctxrhsuperiortmpl,freesvol301
smri_sulc_cort.desikan_supramarginal.rh,crt_sulcctxrhsupramarginal,freesvol301
smri_sulc_cort.desikan_frontalpole.rh,crt_sulcctxrhftlpole,freesvol301
smri_sulc_cort.desikan_temporalpole.rh,crt_sulcctxrhtmplpole,freesvol301
smri_sulc_cort.desikan_transversetemporal.rh,crt_sulcctxrhtransversetmpl,freesvol301
smri_sulc_cort.desikan_insula.rh,crt_sulcctxrhinsula,freesvol301
smri_sulc_cort.fuzzy2_frontal.lh,crt_sulcctxlhmean,freesvol301
smri_sulc_cort.fuzzy2_posterior.lh,crt_sulcctxrhmean,freesvol301
smri_sulc_cort.fuzzy4_frontal.lh,crt_sulcctxmean,freesvol301
smri_sulc_cort.fuzzy4_occipital.lh,crt_slctlhfz4_occipital,freesvol301
smri_sulc_cort.fuzzy4_temporal.lh,crt_slctlhfz4_tmpl,freesvol301
smri_sulc_cort.fuzzy4_parietal.lh,crt_slctlhfz4_parietal,freesvol301
smri_sulc_cort.fuzzy12_central.lh,crt_slctlhfz12_central,freesvol301
smri_sulc_cort.fuzzy12_occipital.lh,crt_slctlhfz12_occipital,freesvol301
smri_sulc_cort.fuzzy12_posterolateraltemporal.lh,crt_slctlhfz12_posteroltltmpl,freesvol301
smri_sulc_cort.fuzzy12_superiorparietal.lh,crt_slctlhfz12_superiorpar,freesvol301
smri_sulc_cort.fuzzy12_orbitofrontal.lh,crt_slctlhfz12_orbitofrl,freesvol301
smri_sulc_cort.fuzzy12_superiortemporal.lh,crt_slctlhfz12_superiortmpl,freesvol301
smri_sulc_cort.fuzzy12_inferiorparietal.lh,crt_slctlhfz12_inferiorpar,freesvol301
smri_sulc_cort.fuzzy12_dorsomedialfrontal.lh,crt_slctlhfz12_dorsomedialfrl,freesvol301
smri_sulc_cort.fuzzy12_anteromedialtemporal.lh,crt_slctlhfz12_antmedialtmpl,freesvol301
smri_sulc_cort.fuzzy12_precuneus.lh,crt_slctlhfz12_precuneus,freesvol301
smri_sulc_cort.fuzzy12_dorsolateralprefrontal.lh,crt_slctlhfz12_dorsoltlprefrl,freesvol301
smri_sulc_cort.fuzzy12_parsopercularis.lh,crt_slctlhfz12_parsprcularis,freesvol301
smri_sulc_cort.fuzzy2_frontal.rh,crt_slctrhfz2_frl,freesvol301
smri_sulc_cort.fuzzy2_posterior.rh,crt_slctrhfz2_posterior,freesvol301
smri_sulc_cort.fuzzy4_frontal.rh,crt_slctrhfz4_frl,freesvol301
smri_sulc_cort.fuzzy4_occipital.rh,crt_slctrhfz4_occipital,freesvol301
smri_sulc_cort.fuzzy4_temporal.rh,crt_slctrhfz4_tmpl,freesvol301
smri_sulc_cort.fuzzy4_parietal.rh,crt_slctrhfz4_parietal,freesvol301
smri_sulc_cort.fuzzy12_central.rh,crt_slctrhfz12_central,freesvol301
smri_sulc_cort.fuzzy12_occipital.rh,crt_slctrhfz12_occipital,freesvol301
smri_sulc_cort.fuzzy12_posterolateraltemporal.rh,crt_slctrhfz12_posteroltltmpl,freesvol301
smri_sulc_cort.fuzzy12_superiorparietal.rh,crt_slctrhfz12_superiorpar,freesvol301
smri_sulc_cort.fuzzy12_orbitofrontal.rh,crt_slctrhfz12_orbitofrl,freesvol301
smri_sulc_cort.fuzzy12_superiortemporal.rh,crt_slctrhfz12_superiortmpl,freesvol301
smri_sulc_cort.fuzzy12_inferiorparietal.rh,crt_slctrhfz12_inferiorp,freesvol301
smri_sulc_cort.fuzzy12_dorsomedialfrontal.rh,crt_slctrhfz12_dorsomedialfrl,freesvol301
smri_sulc_cort.fuzzy12_anteromedialtemporal.rh,crt_slctrhfz12_antmedialtmpl,freesvol301
smri_sulc_cort.fuzzy12_precuneus.rh,crt_slctrhfz12_precuneus,freesvol301
smri_sulc_cort.fuzzy12_parsopercularis.rh,crt_slctrhfz12_parsopercularis,freesvol301
smri_sulc_cort.desikan_mean.lh,crt_sulcctxlhmean,freesvol301
smri_sulc_cort.desikan_mean.rh,crt_sulcctxrhmean,freesvol301
smri_sulc_cort.desikan_mean,crt_sulcctxmean,freesvol301
smri_area_cort.desikan_insula.lh,fsv_cort_areactxlhinsula,freesvol301
smri_area_cort.desikan_insula.rh,fsv_cort_areactxrhinsula,freesvol301
smri_vol_cort.desikan_insula.lh,fsv_cort_volctxlhinsula,freesvol301
smri_vol_cort.desikan_insula.rh,fsv_cort_volctxrhinsula,freesvol301
smri_t1w.white02_cort.desikan_insula.lh,fsv_cort_t1w_white02ctxlhins,freesvol301
smri_t1w.white02_cort.desikan_insula.rh,fsv_cort_t1w_white02ctxrhins,freesvol301
smri_t1w.gray02_cort.desikan_insula.lh,fsv_cort_t1w_gray02ctxlhins,freesvol301
smri_t1w.gray02_cort.desikan_insula.rh,fsv_cort_t1w_gray02ctxrhins,freesvol301
smri_t1w.contrast_cort.desikan_insula.lh,fsv_cort_contrastctxlhinsula,freesvol301
smri_t1w.contrast_cort.desikan_insula.rh,fsv_cort_contrastctxrhinsula,freesvol301
smri_vol_subcort.aseg_cc.central,fsv_subcort_volcc_central,freesvol301
smri_vol_subcort.aseg_cc.mid.anterior,fsv_subcort_volcc_mid_ant,freesvol301
smri_vol_subcort.aseg_cc.anterior,fsv_subcort_volcc_anterior,freesvol301
smri_t1w_subcort.aseg_cc.posterior,fsv_subcort_t1wcc_pst,freesvol301
smri_t1w_subcort.aseg_cc.mid.posterior,fsv_subcort_t1wcc_mid_pst,freesvol301
smri_t1w_subcort.aseg_cc.central,fsv_subcort_t1wcc_central,freesvol301
smri_t1w_subcort.aseg_cc.mid.anterior,fsv_subcort_t1wcc_mid_ant,freesvol301
smri_t1w_subcort.aseg_cc.anterior,fsv_subcort_t1wcc_ant,freesvol301